map00780,R01074,ko:K01942
map00780,R01074,ko:K01947
map00780,R01074,ko:K03524
map00780,R01077,ko:K01435
map00780,R01078,ko:K01012
map00780,R03182,ko:K01935
map00780,R03182,ko:K19562
map00780,R03209,ko:K01906
map00780,R03210,ko:K00652
map00780,R03231,ko:K00833
map00780,R03231,ko:K19562
map00780,R05145,ko:K01942
map00780,R05145,ko:K01947
map00780,R05145,ko:K03524
map00780,R09543,ko:K02169
map00780,R09725,ko:K02170
map00780,R09725,ko:K09789
map00780,R09725,ko:K19560
map00780,R09725,ko:K19561
map00780,R10115,ko:K00647
map00780,R10115,ko:K09458
map00780,R10116,ko:K00059
map00780,R10117,ko:K02372
map00780,R10118,ko:K00208
map00780,R10119,ko:K00647
map00780,R10119,ko:K09458
map00780,R10120,ko:K00059
map00780,R10121,ko:K02372
map00780,R10122,ko:K00208
map00780,R10123,ko:K16593
map00780,R10124,ko:K00652
map00780,R10127,ko:K08351
map00780,R10699,ko:K19563
map00350,R00031,ko:K00422
map00350,R00045,ko:K00422
map00350,R00713,ko:K00135
map00350,R00713,ko:K00139
map00350,R00713,ko:K08324
map00350,R00713,ko:K17761
map00350,R00714,ko:K00135
map00350,R00714,ko:K08324
map00350,R00728,ko:K01668
map00350,R00729,ko:K03334
map00350,R00731,ko:K00505
map00350,R00734,ko:K00811
map00350,R00734,ko:K00812
map00350,R00734,ko:K00813
map00350,R00734,ko:K00815
map00350,R00734,ko:K00817
map00350,R00734,ko:K00832
map00350,R00734,ko:K00838
map00350,R00734,ko:K05821
map00350,R00734,ko:K11358
map00350,R00734,ko:K14454
map00350,R00734,ko:K14455
map00350,R00734,ko:K15849
map00350,R00736,ko:K01592
map00350,R00736,ko:K01593
map00350,R00736,ko:K18933
map00350,R00737,ko:K10774
map00350,R00737,ko:K13064
map00350,R01085,ko:K01557
map00350,R01085,ko:K16164
map00350,R01085,ko:K16165
map00350,R01364,ko:K01555
map00350,R01364,ko:K16171
map00350,R01647,ko:K02510
map00350,R01815,ko:K00501
map00350,R02078,ko:K00422
map00350,R02078,ko:K00505
map00350,R02080,ko:K01592
map00350,R02080,ko:K01593
map00350,R02382,ko:K00274
map00350,R02382,ko:K00276
map00350,R02382,ko:K13371
map00350,R02382,ko:K13372
map00350,R02519,ko:K00451
map00350,R02521,ko:K00457
map00350,R02532,ko:K00274
map00350,R02533,ko:K00553
map00350,R02534,ko:K00545
map00350,R02535,ko:K00503
map00350,R02656,ko:K00450
map00350,R02657,ko:K00157
map00350,R02695,ko:K00129
map00350,R02697,ko:K00129
map00350,R02698,ko:K00483
map00350,R02698,ko:K00484
map00350,R02698,ko:K16901
map00350,R02698,ko:K16902
map00350,R02698,ko:K23470
map00350,R02698,ko:K23492
map00350,R02919,ko:K00274
map00350,R02920,ko:K00545
map00350,R03181,ko:K01800
map00350,R03208,ko:K00431
map00350,R03299,ko:K00483
map00350,R03299,ko:K00484
map00350,R03299,ko:K16901
map00350,R03299,ko:K16902
map00350,R03300,ko:K00129
map00350,R03302,ko:K00129
map00350,R03303,ko:K00455
map00350,R03304,ko:K00545
map00350,R03337,ko:K18606
map00350,R03337,ko:K23109
map00350,R03339,ko:K18606
map00350,R03342,ko:K07253
map00350,R03373,ko:K18606
map00350,R03374,ko:K21425
map00350,R03539,ko:K00431
map00350,R03673,ko:K01827
map00350,R03673,ko:K22203
map00350,R03868,ko:K01801
map00350,R03868,ko:K16163
map00350,R03953,ko:K00431
map00350,R03973,ko:K00431
map00350,R04132,ko:K02509
map00350,R04134,ko:K05921
map00350,R04300,ko:K00274
map00350,R04300,ko:K00276
map00350,R04300,ko:K13371
map00350,R04300,ko:K13372
map00350,R04301,ko:K00545
map00350,R04304,ko:K00055
map00350,R04379,ko:K01826
map00350,R04380,ko:K05921
map00350,R04418,ko:K00151
map00350,R04418,ko:K10219
map00350,R04419,ko:K10219
map00350,R04880,ko:K00001
map00350,R04880,ko:K00121
map00350,R04880,ko:K04072
map00350,R04880,ko:K13951
map00350,R04880,ko:K13952
map00350,R04880,ko:K13953
map00350,R04880,ko:K13954
map00350,R04880,ko:K13980
map00350,R04880,ko:K18857
map00350,R04881,ko:K00545
map00350,R04882,ko:K00129
map00350,R04883,ko:K00129
map00350,R04884,ko:K00505
map00350,R04887,ko:K00545
map00350,R04888,ko:K00129
map00350,R04889,ko:K00129
map00350,R04890,ko:K00274
map00350,R04891,ko:K00129
map00350,R04892,ko:K00129
map00350,R04893,ko:K00274
map00350,R04894,ko:K00274
map00350,R06897,ko:K02509
map00350,R08965,ko:K00506
map00350,R09254,ko:K05821
map00350,R09830,ko:K00270
map00350,R11257,ko:K20758
map00350,R11916,ko:K01618
map00350,R11917,ko:K22327
map00350,R12252,ko:K18606
map00970,R02918,ko:K01866
map00970,R03038,ko:K01872
map00970,R03646,ko:K01887
map00970,R03647,ko:K09759
map00970,R03648,ko:K01893
map00970,R03650,ko:K01883
map00970,R03650,ko:K01884
map00970,R03651,ko:K09698
map00970,R03652,ko:K01886
map00970,R03654,ko:K01878
map00970,R03654,ko:K01879
map00970,R03654,ko:K01880
map00970,R03654,ko:K14164
map00970,R03655,ko:K01892
map00970,R03656,ko:K01870
map00970,R03657,ko:K01869
map00970,R03658,ko:K04566
map00970,R03658,ko:K04567
map00970,R03659,ko:K01874
map00970,R03660,ko:K01889
map00970,R03660,ko:K01890
map00970,R03661,ko:K01881
map00970,R03661,ko:K14163
map00970,R03662,ko:K01875
map00970,R03663,ko:K01868
map00970,R03664,ko:K01867
map00970,R03665,ko:K01873
map00970,R03905,ko:K02433
map00970,R03905,ko:K02434
map00970,R03905,ko:K02435
map00970,R03905,ko:K03330
map00970,R03905,ko:K03865
map00970,R03905,ko:K09482
map00970,R03940,ko:K00604
map00970,R04212,ko:K02433
map00970,R04212,ko:K02434
map00970,R04212,ko:K02435
map00970,R05577,ko:K01876
map00970,R05577,ko:K09759
map00970,R05577,ko:K22503
map00970,R05578,ko:K01885
map00970,R05578,ko:K09698
map00970,R05578,ko:K14163
map00970,R08218,ko:K01875
map00970,R08219,ko:K01042
map00970,R08223,ko:K10837
map00970,R08224,ko:K03341
map00970,R08576,ko:K07587
map00970,R08577,ko:K06868
map00970,R08578,ko:K11627
map00785,R07770,ko:K03800
map00785,R07770,ko:K23756
map00785,R12423,ko:K03644
map00785,R12424,ko:K03644
map00785,R12425,ko:K16869
map00785,R12426,ko:K18821
map00785,R12427,ko:K03801
map00785,R12427,ko:K10105
map00785,R12427,ko:K23763
map00785,R12428,ko:K03801
map00785,R12428,ko:K23734
map00785,R12428,ko:K23735
map00785,R12429,ko:K03800
map00785,R12431,ko:K23750
map00785,R12432,ko:K10105
map00785,R12432,ko:K16869
map00785,R12433,ko:K03800
map00785,R12434,ko:K03800
map00785,R12435,ko:K23763
map00785,R12449,ko:K03800
map00785,R12450,ko:K10105
map00642,R05352,ko:K14746
map00642,R05366,ko:K18092
map00642,R05416,ko:K14751
map00642,R05424,ko:K14578
map00642,R05424,ko:K14579
map00642,R05424,ko:K14580
map00642,R05424,ko:K14581
map00642,R05425,ko:K14578
map00642,R05425,ko:K14579
map00642,R05425,ko:K14580
map00642,R05425,ko:K14581
map00642,R05426,ko:K14578
map00642,R05426,ko:K14579
map00642,R05426,ko:K14580
map00642,R05426,ko:K14581
map00642,R05427,ko:K14578
map00642,R05427,ko:K14579
map00642,R05427,ko:K14580
map00642,R05427,ko:K14581
map00642,R05440,ko:K14748
map00642,R05440,ko:K14749
map00642,R05440,ko:K14750
map00642,R05452,ko:K14747
map00642,R05453,ko:K10701
map00642,R05506,ko:K00632
map00642,R05745,ko:K10700
map00642,R05745,ko:K17048
map00642,R05745,ko:K17049
map00910,R00021,ko:K00284
map00910,R00025,ko:K00459
map00910,R00093,ko:K00264
map00910,R00114,ko:K00265
map00910,R00114,ko:K00266
map00910,R00143,ko:K05601
map00910,R00143,ko:K15864
map00910,R00148,ko:K10944
map00910,R00148,ko:K10945
map00910,R00148,ko:K10946
map00910,R00149,ko:K01948
map00910,R00243,ko:K00260
map00910,R00243,ko:K00261
map00910,R00243,ko:K15371
map00910,R00248,ko:K00261
map00910,R00248,ko:K00262
map00910,R00248,ko:K00265
map00910,R00248,ko:K00266
map00910,R00253,ko:K01915
map00910,R00294,ko:K02164
map00910,R00294,ko:K02305
map00910,R00294,ko:K02448
map00910,R00294,ko:K04561
map00910,R00294,ko:K04747
map00910,R00294,ko:K04748
map00910,R00524,ko:K01455
map00910,R00540,ko:K01501
map00910,R00783,ko:K00368
map00910,R00783,ko:K15864
map00910,R00785,ko:K00368
map00910,R00785,ko:K15864
map00910,R00787,ko:K00362
map00910,R00787,ko:K00363
map00910,R00787,ko:K17877
map00910,R00789,ko:K17877
map00910,R00790,ko:K00366
map00910,R00791,ko:K00367
map00910,R00794,ko:K10534
map00910,R00796,ko:K10534
map00910,R00798,ko:K00360
map00910,R00798,ko:K00370
map00910,R00798,ko:K00371
map00910,R00798,ko:K00372
map00910,R00798,ko:K00374
map00910,R00798,ko:K02567
map00910,R00798,ko:K02568
map00910,R01395,ko:K00926
map00910,R01395,ko:K01954
map00910,R01395,ko:K01955
map00910,R01395,ko:K01956
map00910,R01395,ko:K11540
map00910,R01395,ko:K11541
map00910,R02492,ko:K15877
map00910,R02804,ko:K00376
map00910,R03071,ko:K02567
map00910,R03546,ko:K01725
map00910,R05185,ko:K00531
map00910,R05185,ko:K02586
map00910,R05185,ko:K02588
map00910,R05185,ko:K02591
map00910,R05712,ko:K03385
map00910,R05712,ko:K04016
map00910,R05712,ko:K15876
map00910,R07174,ko:K20935
map00910,R09446,ko:K15877
map00910,R09497,ko:K00370
map00910,R09497,ko:K00371
map00910,R09497,ko:K00374
map00910,R09799,ko:K20932
map00910,R09799,ko:K20933
map00910,R09799,ko:K20934
map00910,R09808,ko:K15877
map00910,R09809,ko:K15877
map00910,R10092,ko:K01672
map00910,R10092,ko:K01673
map00910,R10092,ko:K01674
map00910,R10092,ko:K01743
map00910,R10092,ko:K18245
map00910,R10092,ko:K18246
map00910,R10164,ko:K10535
map00910,R10388,ko:K19823
map00910,R10389,ko:K19823
map00910,R12084,ko:K22896
map00910,R12084,ko:K22897
map00910,R12084,ko:K22898
map00910,R12084,ko:K22899
map00311,R02170,ko:K01434
map00311,R03062,ko:K01060
map00311,R03064,ko:K12747
map00311,R04147,ko:K04127
map00311,R04870,ko:K12743
map00311,R04872,ko:K04126
map00311,R05229,ko:K12745
map00311,R05230,ko:K04128
map00311,R05301,ko:K12744
map00311,R05303,ko:K18062
map00311,R06361,ko:K10852
map00311,R06363,ko:K01467
map00311,R06363,ko:K17836
map00311,R06363,ko:K17837
map00311,R06363,ko:K17838
map00311,R06363,ko:K18698
map00311,R06363,ko:K18699
map00311,R06363,ko:K18766
map00311,R06363,ko:K18767
map00311,R07400,ko:K00273
map00311,R07402,ko:K12748
map00460,R00152,ko:K18282
map00460,R00483,ko:K01914
map00460,R00485,ko:K01424
map00460,R00485,ko:K05597
map00460,R00485,ko:K13051
map00460,R00486,ko:K13035
map00460,R00524,ko:K01455
map00460,R00730,ko:K13027
map00460,R00945,ko:K00600
map00460,R01267,ko:K13035
map00460,R01408,ko:K10675
map00460,R01553,ko:K13033
map00460,R01553,ko:K14577
map00460,R01767,ko:K08248
map00460,R01767,ko:K20802
map00460,R01887,ko:K01501
map00460,R02558,ko:K01188
map00460,R02558,ko:K05349
map00460,R02558,ko:K05350
map00460,R02558,ko:K13032
map00460,R02676,ko:K08249
map00460,R02985,ko:K01188
map00460,R02985,ko:K05349
map00460,R02985,ko:K05350
map00460,R02985,ko:K13031
map00460,R03524,ko:K13034
map00460,R03542,ko:K01501
map00460,R03625,ko:K16266
map00460,R03970,ko:K00681
map00460,R03970,ko:K18592
map00460,R03971,ko:K00681
map00460,R03971,ko:K18592
map00460,R04296,ko:K13030
map00460,R04460,ko:K13027
map00460,R05704,ko:K10814
map00460,R05704,ko:K10815
map00460,R05704,ko:K10816
map00460,R05728,ko:K13029
map00460,R07190,ko:K13027
map00460,R07638,ko:K00495
map00460,R07638,ko:K10566
map00460,R09358,ko:K14577
map00460,R09579,ko:K12153
map00460,R09580,ko:K12153
map00460,R09581,ko:K12153
map00460,R10027,ko:K13401
map00460,R10027,ko:K14984
map00460,R10028,ko:K13401
map00460,R10028,ko:K14984
map00460,R10029,ko:K13401
map00460,R10029,ko:K14984
map00460,R10030,ko:K16265
map00460,R10031,ko:K13401
map00460,R10031,ko:K14984
map00460,R10032,ko:K13401
map00460,R10032,ko:K14984
map00460,R10033,ko:K13401
map00460,R10033,ko:K14984
map00460,R10034,ko:K16265
map00460,R10035,ko:K01188
map00460,R10035,ko:K05349
map00460,R10035,ko:K05350
map00460,R10037,ko:K16266
map00460,R10039,ko:K01188
map00460,R10039,ko:K05349
map00460,R10039,ko:K05350
map00460,R10040,ko:K01188
map00460,R10040,ko:K05349
map00460,R10040,ko:K05350
map00460,R10041,ko:K00495
map00460,R10638,ko:K22706
map00460,R11639,ko:K16265
map00460,R11640,ko:K16265
map00460,R11641,ko:K16265
map00460,R11642,ko:K16265
map00460,R11733,ko:K00495
map00220,R00005,ko:K01457
map00220,R00005,ko:K14541
map00220,R00131,ko:K01427
map00220,R00131,ko:K01428
map00220,R00131,ko:K01429
map00220,R00131,ko:K01430
map00220,R00131,ko:K14048
map00220,R00149,ko:K01948
map00220,R00150,ko:K00926
map00220,R00243,ko:K00260
map00220,R00243,ko:K00261
map00220,R00243,ko:K15371
map00220,R00248,ko:K00261
map00220,R00248,ko:K00262
map00220,R00248,ko:K00265
map00220,R00248,ko:K00266
map00220,R00253,ko:K01915
map00220,R00256,ko:K01425
map00220,R00256,ko:K01954
map00220,R00256,ko:K01955
map00220,R00256,ko:K01956
map00220,R00256,ko:K05597
map00220,R00256,ko:K11540
map00220,R00256,ko:K11541
map00220,R00256,ko:K23265
map00220,R00258,ko:K00814
map00220,R00258,ko:K14260
map00220,R00258,ko:K14272
map00220,R00259,ko:K00618
map00220,R00259,ko:K00619
map00220,R00259,ko:K00620
map00220,R00259,ko:K11067
map00220,R00259,ko:K14681
map00220,R00259,ko:K14682
map00220,R00259,ko:K22476
map00220,R00259,ko:K22477
map00220,R00259,ko:K22478
map00220,R00355,ko:K00811
map00220,R00355,ko:K00812
map00220,R00355,ko:K00813
map00220,R00355,ko:K11358
map00220,R00355,ko:K14454
map00220,R00355,ko:K14455
map00220,R00551,ko:K01476
map00220,R00552,ko:K01478
map00220,R00557,ko:K13240
map00220,R00557,ko:K13241
map00220,R00557,ko:K13242
map00220,R00557,ko:K13427
map00220,R00669,ko:K01438
map00220,R00669,ko:K14677
map00220,R00774,ko:K01941
map00220,R00774,ko:K14541
map00220,R01086,ko:K01755
map00220,R01086,ko:K14681
map00220,R01398,ko:K00611
map00220,R01954,ko:K01940
map00220,R02282,ko:K00620
map00220,R02283,ko:K00818
map00220,R02283,ko:K00821
map00220,R02649,ko:K00930
map00220,R02649,ko:K12659
map00220,R02649,ko:K22478
map00220,R03443,ko:K00145
map00220,R03443,ko:K12659
map00220,R07245,ko:K09065
map00220,R09107,ko:K01438
map00220,R10929,ko:K19412
map00220,R10930,ko:K05828
map00220,R10931,ko:K05829
map00220,R10932,ko:K05830
map00220,R10933,ko:K05831
map00220,R11711,ko:K00491
map00473,R00401,ko:K01775
map00473,R01148,ko:K00824
map00473,R01150,ko:K01921
map00473,R02718,ko:K03367
map00473,R02718,ko:K14188
map00404,R05757,ko:K20082
map00404,R09560,ko:K19884
map00404,R09566,ko:K19885
map00404,R09567,ko:K19886
map00404,R09567,ko:K19887
map00404,R09568,ko:K19888
map00404,R09569,ko:K19889
map00404,R09570,ko:K14266
map00404,R10321,ko:K17475
map00404,R10340,ko:K14132
map00404,R10341,ko:K18279
map00404,R10414,ko:K17826
map00404,R10416,ko:K17827
map00404,R10445,ko:K17825
map00404,R10457,ko:K14134
map00404,R10588,ko:K18280
map00404,R10661,ko:K18281
map00404,R11105,ko:K19981
map00404,R11106,ko:K14257
map00404,R11107,ko:K19982
map00404,R11119,ko:K20075
map00404,R11119,ko:K20086
map00404,R11120,ko:K20076
map00404,R11121,ko:K20077
map00404,R11121,ko:K20078
map00404,R11122,ko:K20079
map00404,R11123,ko:K20080
map00404,R11129,ko:K20081
map00404,R11131,ko:K20087
map00404,R11131,ko:K20088
map00404,R11132,ko:K20090
map00404,R11134,ko:K20089
map00404,R11135,ko:K20090
map00404,R11138,ko:K16438
map00404,R11139,ko:K20085
map00404,R11158,ko:K20089
map00404,R11373,ko:K20090
map00404,R11374,ko:K20090
map00404,R12436,ko:K23888
map00404,R12437,ko:K23889
map00404,R12438,ko:K21294
map00404,R12439,ko:K23889
map00404,R12440,ko:K21294
map00404,R12441,ko:K23890
map00404,R12442,ko:K23892
map00404,R12443,ko:K23891
map00404,R12444,ko:K23890
map00404,R12445,ko:K23890
map00404,R12446,ko:K23892
map00404,R12447,ko:K23891
map00404,R12448,ko:K23892
map01053,R01505,ko:K00216
map01053,R01717,ko:K01851
map01053,R01717,ko:K02361
map01053,R01717,ko:K02552
map01053,R01717,ko:K14759
map01053,R03037,ko:K01252
map01053,R06602,ko:K04781
map01053,R06602,ko:K04782
map01053,R07644,ko:K01252
map01053,R07644,ko:K02362
map01053,R07644,ko:K02363
map01053,R07644,ko:K02364
map01200,R00009,ko:K03781
map01200,R00024,ko:K01601
map01200,R00024,ko:K01602
map01200,R00134,ko:K05299
map01200,R00134,ko:K15022
map01200,R00149,ko:K01948
map01200,R00150,ko:K00926
map01200,R00199,ko:K01007
map01200,R00200,ko:K00873
map01200,R00200,ko:K12406
map01200,R00206,ko:K01006
map01200,R00209,ko:K00161
map01200,R00209,ko:K00162
map01200,R00209,ko:K00163
map01200,R00209,ko:K00382
map01200,R00209,ko:K00627
map01200,R00214,ko:K00027
map01200,R00214,ko:K00028
map01200,R00216,ko:K00029
map01200,R00220,ko:K01752
map01200,R00220,ko:K01754
map01200,R00220,ko:K17989
map01200,R00230,ko:K00625
map01200,R00230,ko:K04020
map01200,R00230,ko:K13788
map01200,R00230,ko:K15024
map01200,R00235,ko:K01895
map01200,R00235,ko:K01913
map01200,R00237,ko:K08691
map01200,R00237,ko:K18292
map01200,R00238,ko:K00626
map01200,R00238,ko:K00632
map01200,R00238,ko:K07508
map01200,R00238,ko:K07509
map01200,R00238,ko:K07513
map01200,R00248,ko:K00261
map01200,R00248,ko:K00262
map01200,R00248,ko:K00265
map01200,R00248,ko:K00266
map01200,R00258,ko:K00814
map01200,R00258,ko:K14260
map01200,R00258,ko:K14272
map01200,R00262,ko:K01846
map01200,R00262,ko:K19268
map01200,R00267,ko:K00031
map01200,R00315,ko:K00925
map01200,R00341,ko:K01610
map01200,R00342,ko:K00024
map01200,R00342,ko:K00025
map01200,R00342,ko:K00026
map01200,R00343,ko:K00051
map01200,R00344,ko:K01958
map01200,R00344,ko:K01959
map01200,R00344,ko:K01960
map01200,R00345,ko:K01595
map01200,R00351,ko:K01647
map01200,R00351,ko:K05942
map01200,R00352,ko:K01648
map01200,R00352,ko:K15230
map01200,R00352,ko:K15231
map01200,R00354,ko:K15234
map01200,R00355,ko:K00811
map01200,R00355,ko:K00812
map01200,R00355,ko:K00813
map01200,R00355,ko:K11358
map01200,R00355,ko:K14454
map01200,R00355,ko:K14455
map01200,R00361,ko:K00116
map01200,R00372,ko:K00827
map01200,R00372,ko:K00830
map01200,R00372,ko:K14272
map01200,R00402,ko:K18556
map01200,R00402,ko:K18557
map01200,R00402,ko:K18558
map01200,R00402,ko:K18559
map01200,R00402,ko:K18560
map01200,R00405,ko:K01902
map01200,R00405,ko:K01903
map01200,R00406,ko:K14471
map01200,R00406,ko:K14472
map01200,R00432,ko:K01899
map01200,R00432,ko:K01900
map01200,R00472,ko:K01638
map01200,R00473,ko:K08691
map01200,R00473,ko:K19282
map01200,R00475,ko:K00104
map01200,R00475,ko:K11472
map01200,R00475,ko:K11473
map01200,R00475,ko:K11517
map01200,R00479,ko:K01637
map01200,R00519,ko:K00122
map01200,R00519,ko:K00123
map01200,R00519,ko:K00124
map01200,R00519,ko:K00126
map01200,R00519,ko:K00127
map01200,R00519,ko:K22515
map01200,R00524,ko:K01455
map01200,R00527,ko:K01070
map01200,R00582,ko:K01079
map01200,R00582,ko:K02203
map01200,R00582,ko:K22305
map01200,R00586,ko:K00640
map01200,R00586,ko:K19726
map01200,R00586,ko:K23304
map01200,R00588,ko:K00830
map01200,R00604,ko:K00148
map01200,R00608,ko:K17066
map01200,R00614,ko:K17067
map01200,R00614,ko:K17068
map01200,R00658,ko:K01689
map01200,R00705,ko:K00140
map01200,R00706,ko:K00140
map01200,R00709,ko:K00030
map01200,R00709,ko:K17753
map01200,R00727,ko:K01899
map01200,R00727,ko:K01900
map01200,R00740,ko:K14468
map01200,R00740,ko:K15017
map01200,R00742,ko:K01946
map01200,R00742,ko:K01961
map01200,R00742,ko:K01962
map01200,R00742,ko:K01963
map01200,R00742,ko:K01964
map01200,R00742,ko:K02160
map01200,R00742,ko:K11262
map01200,R00742,ko:K11263
map01200,R00742,ko:K15036
map01200,R00742,ko:K15037
map01200,R00742,ko:K18472
map01200,R00742,ko:K18603
map01200,R00742,ko:K18604
map01200,R00742,ko:K18605
map01200,R00742,ko:K19312
map01200,R00742,ko:K22568
map01200,R00756,ko:K00850
map01200,R00756,ko:K16370
map01200,R00756,ko:K21071
map01200,R00762,ko:K01086
map01200,R00762,ko:K01622
map01200,R00762,ko:K02446
map01200,R00762,ko:K03841
map01200,R00762,ko:K04041
map01200,R00762,ko:K11532
map01200,R00833,ko:K01847
map01200,R00833,ko:K01848
map01200,R00833,ko:K01849
map01200,R00897,ko:K01738
map01200,R00897,ko:K10150
map01200,R00897,ko:K13034
map01200,R00897,ko:K17069
map01200,R00919,ko:K14469
map01200,R00919,ko:K15020
map01200,R00919,ko:K19745
map01200,R00934,ko:K08691
map01200,R00934,ko:K19281
map01200,R00943,ko:K00288
map01200,R00943,ko:K01938
map01200,R00943,ko:K13402
map01200,R00945,ko:K00600
map01200,R01011,ko:K00863
map01200,R01015,ko:K01803
map01200,R01049,ko:K00948
map01200,R01056,ko:K01807
map01200,R01056,ko:K01808
map01200,R01058,ko:K00131
map01200,R01058,ko:K18978
map01200,R01061,ko:K00134
map01200,R01061,ko:K00150
map01200,R01061,ko:K10705
map01200,R01063,ko:K00150
map01200,R01063,ko:K05298
map01200,R01067,ko:K00615
map01200,R01068,ko:K01622
map01200,R01068,ko:K01623
map01200,R01068,ko:K01624
map01200,R01068,ko:K11645
map01200,R01068,ko:K16305
map01200,R01068,ko:K16306
map01200,R01070,ko:K01622
map01200,R01070,ko:K01623
map01200,R01070,ko:K01624
map01200,R01070,ko:K11645
map01200,R01070,ko:K16305
map01200,R01070,ko:K16306
map01200,R01082,ko:K01676
map01200,R01082,ko:K01677
map01200,R01082,ko:K01678
map01200,R01082,ko:K01679
map01200,R01142,ko:K16157
map01200,R01142,ko:K16158
map01200,R01142,ko:K16159
map01200,R01142,ko:K16160
map01200,R01142,ko:K16161
map01200,R01142,ko:K16162
map01200,R01146,ko:K14028
map01200,R01146,ko:K14029
map01200,R01146,ko:K23995
map01200,R01171,ko:K00209
map01200,R01175,ko:K00232
map01200,R01175,ko:K00248
map01200,R01175,ko:K00249
map01200,R01175,ko:K06445
map01200,R01175,ko:K09478
map01200,R01196,ko:K00169
map01200,R01196,ko:K00170
map01200,R01196,ko:K00171
map01200,R01196,ko:K00172
map01200,R01196,ko:K00174
map01200,R01196,ko:K00175
map01200,R01196,ko:K03737
map01200,R01197,ko:K00174
map01200,R01197,ko:K00175
map01200,R01197,ko:K00176
map01200,R01197,ko:K00177
map01200,R01220,ko:K00288
map01200,R01220,ko:K00300
map01200,R01220,ko:K01491
map01200,R01221,ko:K00281
map01200,R01221,ko:K00282
map01200,R01221,ko:K00283
map01200,R01221,ko:K00382
map01200,R01221,ko:K00605
map01200,R01221,ko:K02437
map01200,R01256,ko:K08692
map01200,R01256,ko:K14067
map01200,R01322,ko:K15232
map01200,R01322,ko:K15233
map01200,R01324,ko:K01681
map01200,R01324,ko:K01682
map01200,R01334,ko:K01091
map01200,R01334,ko:K19269
map01200,R01334,ko:K22223
map01200,R01388,ko:K00015
map01200,R01388,ko:K00018
map01200,R01388,ko:K00049
map01200,R01388,ko:K00050
map01200,R01388,ko:K00090
map01200,R01388,ko:K12972
map01200,R01388,ko:K15893
map01200,R01388,ko:K15919
map01200,R01388,ko:K22982
map01200,R01440,ko:K17100
map01200,R01512,ko:K00927
map01200,R01513,ko:K00058
map01200,R01514,ko:K15918
map01200,R01518,ko:K01834
map01200,R01518,ko:K01837
map01200,R01518,ko:K15633
map01200,R01518,ko:K15634
map01200,R01518,ko:K15635
map01200,R01519,ko:K01053
map01200,R01520,ko:K00034
map01200,R01521,ko:K00034
map01200,R01523,ko:K00855
map01200,R01528,ko:K00033
map01200,R01529,ko:K01783
map01200,R01538,ko:K05308
map01200,R01541,ko:K00874
map01200,R01541,ko:K18126
map01200,R01588,ko:K00317
map01200,R01608,ko:K23146
map01200,R01641,ko:K00615
map01200,R01644,ko:K00043
map01200,R01644,ko:K08318
map01200,R01644,ko:K18120
map01200,R01655,ko:K00288
map01200,R01655,ko:K01491
map01200,R01655,ko:K01500
map01200,R01655,ko:K13403
map01200,R01737,ko:K00851
map01200,R01786,ko:K00844
map01200,R01786,ko:K00845
map01200,R01786,ko:K12407
map01200,R01827,ko:K00616
map01200,R01827,ko:K13810
map01200,R01829,ko:K01623
map01200,R01829,ko:K01624
map01200,R01829,ko:K11645
map01200,R01830,ko:K00615
map01200,R01845,ko:K01086
map01200,R01845,ko:K01100
map01200,R01845,ko:K11532
map01200,R01859,ko:K01964
map01200,R01859,ko:K01965
map01200,R01859,ko:K01966
map01200,R01859,ko:K11263
map01200,R01859,ko:K15036
map01200,R01859,ko:K15037
map01200,R01859,ko:K15052
map01200,R01859,ko:K18472
map01200,R01859,ko:K18603
map01200,R01859,ko:K18604
map01200,R01859,ko:K18605
map01200,R01859,ko:K19312
map01200,R01859,ko:K22568
map01200,R01975,ko:K00022
map01200,R01975,ko:K01782
map01200,R01975,ko:K01825
map01200,R01975,ko:K07514
map01200,R01975,ko:K07516
map01200,R01975,ko:K10527
map01200,R01975,ko:K15016
map01200,R01976,ko:K00074
map01200,R01977,ko:K00023
map01200,R02035,ko:K01057
map01200,R02035,ko:K07404
map01200,R02035,ko:K13937
map01200,R02036,ko:K01690
map01200,R02164,ko:K00234
map01200,R02164,ko:K00235
map01200,R02164,ko:K00236
map01200,R02164,ko:K00237
map01200,R02164,ko:K00239
map01200,R02164,ko:K00240
map01200,R02164,ko:K00241
map01200,R02164,ko:K00242
map01200,R02164,ko:K00244
map01200,R02164,ko:K00245
map01200,R02164,ko:K00246
map01200,R02164,ko:K00247
map01200,R02164,ko:K18859
map01200,R02164,ko:K18860
map01200,R02189,ko:K00886
map01200,R02511,ko:K00317
map01200,R02736,ko:K00036
map01200,R02736,ko:K13937
map01200,R02740,ko:K01810
map01200,R02740,ko:K06859
map01200,R02740,ko:K13810
map01200,R02740,ko:K15916
map01200,R02765,ko:K05606
map01200,R03015,ko:K00200
map01200,R03015,ko:K00201
map01200,R03015,ko:K00202
map01200,R03015,ko:K00203
map01200,R03015,ko:K00204
map01200,R03015,ko:K00205
map01200,R03015,ko:K11260
map01200,R03015,ko:K11261
map01200,R03026,ko:K01692
map01200,R03026,ko:K01715
map01200,R03026,ko:K01782
map01200,R03026,ko:K01825
map01200,R03026,ko:K07511
map01200,R03026,ko:K07514
map01200,R03026,ko:K07515
map01200,R03026,ko:K10527
map01200,R03026,ko:K13767
map01200,R03026,ko:K15016
map01200,R03027,ko:K17865
map01200,R03045,ko:K01692
map01200,R03045,ko:K01782
map01200,R03045,ko:K01825
map01200,R03045,ko:K07511
map01200,R03045,ko:K07514
map01200,R03045,ko:K07515
map01200,R03045,ko:K14469
map01200,R03045,ko:K14729
map01200,R03045,ko:K15019
map01200,R03140,ko:K01601
map01200,R03140,ko:K01602
map01200,R03158,ko:K05605
map01200,R03390,ko:K00672
map01200,R03464,ko:K01499
map01200,R03696,ko:K04835
map01200,R04173,ko:K00831
map01200,R04347,ko:K00577
map01200,R04347,ko:K00578
map01200,R04347,ko:K00579
map01200,R04347,ko:K00580
map01200,R04347,ko:K00581
map01200,R04347,ko:K00582
map01200,R04347,ko:K00583
map01200,R04347,ko:K00584
map01200,R04432,ko:K00248
map01200,R04455,ko:K13942
map01200,R04456,ko:K00319
map01200,R04464,ko:K00320
map01200,R04540,ko:K08264
map01200,R04540,ko:K08265
map01200,R04541,ko:K00399
map01200,R04541,ko:K00401
map01200,R04541,ko:K00402
map01200,R04779,ko:K00850
map01200,R04779,ko:K16370
map01200,R04779,ko:K21071
map01200,R04780,ko:K01086
map01200,R04780,ko:K01622
map01200,R04780,ko:K02446
map01200,R04780,ko:K03841
map01200,R04780,ko:K04041
map01200,R04780,ko:K11532
map01200,R05076,ko:K14449
map01200,R05336,ko:K18122
map01200,R05338,ko:K08093
map01200,R05338,ko:K13812
map01200,R05338,ko:K13831
map01200,R05339,ko:K08094
map01200,R05339,ko:K13831
map01200,R05605,ko:K01625
map01200,R05605,ko:K11395
map01200,R05605,ko:K17463
map01200,R06982,ko:K03396
map01200,R06983,ko:K00121
map01200,R07147,ko:K18124
map01200,R07147,ko:K18125
map01200,R07157,ko:K00192
map01200,R07157,ko:K00195
map01200,R07157,ko:K00196
map01200,R07157,ko:K00198
map01200,R07159,ko:K11389
map01200,R07168,ko:K00297
map01200,R08058,ko:K10713
map01200,R08058,ko:K13812
map01200,R08059,ko:K00300
map01200,R08059,ko:K10714
map01200,R08060,ko:K00200
map01200,R08060,ko:K00201
map01200,R08060,ko:K00202
map01200,R08060,ko:K00203
map01200,R08060,ko:K00204
map01200,R08060,ko:K00205
map01200,R08060,ko:K11260
map01200,R08060,ko:K11261
map01200,R08549,ko:K00164
map01200,R08549,ko:K00382
map01200,R08549,ko:K00658
map01200,R08570,ko:K11395
map01200,R08570,ko:K18127
map01200,R08571,ko:K03738
map01200,R08572,ko:K00865
map01200,R08572,ko:K11529
map01200,R09084,ko:K00918
map01200,R09085,ko:K00918
map01200,R09085,ko:K08074
map01200,R09096,ko:K00193
map01200,R09096,ko:K00194
map01200,R09096,ko:K00197
map01200,R09098,ko:K04480
map01200,R09098,ko:K14080
map01200,R09098,ko:K14081
map01200,R09124,ko:K14082
map01200,R09124,ko:K14083
map01200,R09124,ko:K14084
map01200,R09279,ko:K14466
map01200,R09279,ko:K14467
map01200,R09279,ko:K18861
map01200,R09280,ko:K15017
map01200,R09280,ko:K15038
map01200,R09280,ko:K18119
map01200,R09281,ko:K14465
map01200,R09281,ko:K18121
map01200,R09282,ko:K09709
map01200,R09283,ko:K14470
map01200,R09286,ko:K14469
map01200,R09286,ko:K15018
map01200,R09289,ko:K09019
map01200,R09289,ko:K14468
map01200,R09289,ko:K15039
map01200,R09289,ko:K16066
map01200,R09289,ko:K18602
map01200,R09291,ko:K14446
map01200,R09292,ko:K14447
map01200,R09293,ko:K14448
map01200,R09518,ko:K10944
map01200,R09518,ko:K10945
map01200,R09518,ko:K10946
map01200,R09738,ko:K17829
map01200,R09780,ko:K08094
map01200,R09780,ko:K13831
map01200,R09979,ko:K05606
map01200,R09998,ko:K14082
map01200,R09998,ko:K16176
map01200,R09998,ko:K16177
map01200,R09999,ko:K14082
map01200,R09999,ko:K16178
map01200,R09999,ko:K16179
map01200,R10219,ko:K00193
map01200,R10219,ko:K00194
map01200,R10219,ko:K00197
map01200,R10221,ko:K00033
map01200,R10243,ko:K00194
map01200,R10243,ko:K00197
map01200,R10243,ko:K14138
map01200,R10243,ko:K15023
map01200,R10324,ko:K18020
map01200,R10324,ko:K18021
map01200,R10324,ko:K18022
map01200,R10343,ko:K18118
map01200,R10612,ko:K14451
map01200,R10612,ko:K19282
map01200,R10615,ko:K18128
map01200,R10660,ko:K18209
map01200,R10660,ko:K18210
map01200,R10782,ko:K14534
map01200,R10797,ko:K00125
map01200,R10797,ko:K22516
map01200,R10860,ko:K18978
map01200,R10866,ko:K03737
map01200,R10904,ko:K19280
map01200,R10907,ko:K00036
map01200,R10907,ko:K19243
map01200,R11928,ko:K03388
map01200,R11928,ko:K03389
map01200,R11928,ko:K03390
map01200,R11931,ko:K03388
map01200,R11931,ko:K03389
map01200,R11931,ko:K03390
map01200,R11931,ko:K22480
map01200,R11931,ko:K22481
map01200,R11931,ko:K22482
map01200,R11943,ko:K03388
map01200,R11943,ko:K03389
map01200,R11943,ko:K03390
map01200,R11943,ko:K14126
map01200,R11943,ko:K14127
map01200,R11943,ko:K14128
map01200,R11944,ko:K00125
map01200,R11944,ko:K03388
map01200,R11944,ko:K03389
map01200,R11944,ko:K03390
map01200,R11944,ko:K14127
map01200,R11944,ko:K22516
map01200,R12291,ko:K00577
map01200,R12291,ko:K00578
map01200,R12291,ko:K00579
map01200,R12291,ko:K00580
map01200,R12291,ko:K00581
map01200,R12291,ko:K00582
map01200,R12291,ko:K00583
map01200,R12291,ko:K00584
map01200,R12356,ko:K00232
map00300,R00271,ko:K01655
map00300,R00271,ko:K02594
map00300,R00271,ko:K10977
map00300,R00451,ko:K01586
map00300,R00451,ko:K12526
map00300,R00480,ko:K00928
map00300,R00480,ko:K12524
map00300,R00480,ko:K12525
map00300,R00480,ko:K12526
map00300,R00715,ko:K00290
map00300,R01773,ko:K00003
map00300,R01773,ko:K12524
map00300,R01773,ko:K12525
map00300,R01775,ko:K00003
map00300,R01775,ko:K12524
map00300,R01775,ko:K12525
map00300,R01934,ko:K05824
map00300,R01934,ko:K10978
map00300,R01934,ko:K17753
map00300,R01939,ko:K00825
map00300,R01939,ko:K00838
map00300,R01939,ko:K05825
map00300,R02291,ko:K00133
map00300,R02315,ko:K00293
map00300,R02733,ko:K05823
map00300,R02734,ko:K01439
map00300,R02735,ko:K01778
map00300,R02755,ko:K03340
map00300,R02788,ko:K01928
map00300,R02788,ko:K15792
map00300,R03098,ko:K00143
map00300,R03444,ko:K16792
map00300,R03444,ko:K16793
map00300,R03444,ko:K17450
map00300,R04198,ko:K00215
map00300,R04199,ko:K00215
map00300,R04364,ko:K05822
map00300,R04364,ko:K19107
map00300,R04365,ko:K00674
map00300,R04371,ko:K01705
map00300,R04371,ko:K16792
map00300,R04371,ko:K16793
map00300,R04390,ko:K00143
map00300,R04467,ko:K00841
map00300,R04475,ko:K00821
map00300,R04475,ko:K14267
map00300,R04617,ko:K01929
map00300,R04617,ko:K15792
map00300,R04863,ko:K00143
map00300,R07613,ko:K10206
map00300,R09775,ko:K05827
map00300,R09776,ko:K05828
map00300,R09777,ko:K05829
map00300,R09778,ko:K05830
map00300,R09779,ko:K05831
map00300,R10010,ko:K16180
map00300,R10011,ko:K16181
map00300,R10012,ko:K16182
map00300,R10147,ko:K01714
map00903,R02468,ko:K07381
map00903,R02468,ko:K14732
map00903,R02470,ko:K07382
map00903,R02470,ko:K14732
map00903,R03114,ko:K14730
map00903,R03114,ko:K14732
map00903,R03945,ko:K14732
map00903,R05784,ko:K10533
map00903,R06117,ko:K12466
map00903,R06366,ko:K00128
map00903,R06390,ko:K14731
map00903,R06391,ko:K14731
map00903,R06392,ko:K14731
map00903,R06393,ko:K14731
map00903,R06398,ko:K14733
map00903,R06411,ko:K01692
map00903,R06411,ko:K01782
map00903,R06411,ko:K01825
map00903,R06412,ko:K01692
map00903,R06412,ko:K01782
map00903,R06412,ko:K01825
map00903,R09385,ko:K14733
map00903,R09387,ko:K10533
map00903,R09389,ko:K14733
map00903,R09393,ko:K14733
map00053,R00068,ko:K00423
map00053,R00095,ko:K08232
map00053,R00264,ko:K00128
map00053,R00264,ko:K13877
map00053,R00264,ko:K19588
map00053,R00286,ko:K00012
map00053,R00640,ko:K00225
map00053,R00647,ko:K00103
map00053,R00889,ko:K10046
map00053,R01108,ko:K21888
map00053,R01184,ko:K00469
map00053,R01381,ko:K12447
map00053,R01476,ko:K16190
map00053,R01481,ko:K00002
map00053,R01757,ko:K13873
map00053,R01757,ko:K19660
map00053,R02278,ko:K13876
map00053,R02279,ko:K01707
map00053,R02522,ko:K13875
map00053,R02526,ko:K13874
map00053,R02637,ko:K08092
map00053,R02639,ko:K08092
map00053,R02752,ko:K01706
map00053,R02754,ko:K01630
map00053,R02933,ko:K01053
map00053,R02957,ko:K00128
map00053,R02957,ko:K00149
map00053,R02957,ko:K14085
map00053,R03184,ko:K00103
map00053,R03244,ko:K03079
map00053,R03277,ko:K01630
map00053,R05608,ko:K01708
map00053,R05608,ko:K20023
map00053,R05850,ko:K03077
map00053,R07125,ko:K03078
map00053,R07127,ko:K00880
map00053,R07671,ko:K02821
map00053,R07671,ko:K02822
map00053,R07671,ko:K03475
map00053,R07672,ko:K10046
map00053,R07673,ko:K10046
map00053,R07674,ko:K10047
map00053,R07674,ko:K18649
map00053,R07675,ko:K00064
map00053,R07675,ko:K17744
map00053,R07676,ko:K18106
map00053,R07676,ko:K19634
map00053,R07676,ko:K19642
map00053,R07677,ko:K03476
map00053,R07678,ko:K14190
map00053,R07679,ko:K00225
map00053,R08056,ko:K01706
map00053,R08615,ko:K00699
map00053,R09540,ko:K00434
map00053,R10787,ko:K13873
map00053,R10787,ko:K19660
map00053,R10841,ko:K18981
map00053,R10846,ko:K18982
map00053,R10847,ko:K18983
map00053,R12146,ko:K23005
map00053,R12146,ko:K23007
map00053,R12155,ko:K23004
map00053,R12156,ko:K23003
map00591,R03626,ko:K00454
map00591,R03626,ko:K00460
map00591,R05718,ko:K21794
map00591,R05740,ko:K08262
map00591,R07055,ko:K07409
map00591,R07055,ko:K07413
map00591,R07055,ko:K07415
map00591,R07055,ko:K07418
map00591,R07055,ko:K07424
map00591,R07055,ko:K17689
map00591,R07055,ko:K17718
map00591,R07055,ko:K17719
map00591,R07055,ko:K17721
map00591,R07056,ko:K07409
map00591,R07056,ko:K07413
map00591,R07056,ko:K07415
map00591,R07056,ko:K07418
map00591,R07056,ko:K07424
map00591,R07056,ko:K17689
map00591,R07056,ko:K17718
map00591,R07056,ko:K17719
map00591,R07056,ko:K17721
map00591,R07057,ko:K15718
map00591,R07061,ko:K17863
map00591,R07061,ko:K17864
map00591,R07062,ko:K17864
map00591,R07063,ko:K00508
map00591,R07064,ko:K01047
map00591,R07064,ko:K01058
map00591,R07064,ko:K14621
map00591,R07064,ko:K14674
map00591,R07064,ko:K16342
map00591,R07064,ko:K16343
map00591,R07064,ko:K16817
map00591,R09811,ko:K17862
map00591,R09905,ko:K17863
map00906,R00702,ko:K00801
map00906,R00702,ko:K10208
map00906,R02065,ko:K02291
map00906,R02065,ko:K17841
map00906,R03824,ko:K06443
map00906,R03824,ko:K14605
map00906,R03824,ko:K14606
map00906,R03824,ko:K17841
map00906,R03824,ko:K22502
map00906,R04218,ko:K02291
map00906,R04218,ko:K17841
map00906,R04786,ko:K02293
map00906,R04787,ko:K02293
map00906,R04787,ko:K10027
map00906,R04787,ko:K15745
map00906,R04798,ko:K00514
map00906,R04798,ko:K10027
map00906,R04798,ko:K15745
map00906,R04800,ko:K00514
map00906,R04800,ko:K10027
map00906,R04800,ko:K15745
map00906,R04801,ko:K06443
map00906,R05341,ko:K06443
map00906,R05341,ko:K14605
map00906,R05341,ko:K14606
map00906,R05341,ko:K17841
map00906,R05341,ko:K22502
map00906,R05345,ko:K09836
map00906,R05345,ko:K23037
map00906,R06946,ko:K09838
map00906,R06947,ko:K09838
map00906,R06948,ko:K14594
map00906,R06951,ko:K14594
map00906,R06952,ko:K09840
map00906,R06953,ko:K09840
map00906,R06954,ko:K09841
map00906,R06957,ko:K09842
map00906,R06962,ko:K06443
map00906,R06963,ko:K06444
map00906,R07178,ko:K09839
map00906,R07179,ko:K09839
map00906,R07202,ko:K09843
map00906,R07270,ko:K02291
map00906,R07270,ko:K17841
map00906,R07320,ko:K14593
map00906,R07321,ko:K14593
map00906,R07512,ko:K09835
map00906,R07516,ko:K09844
map00906,R07517,ko:K09845
map00906,R07518,ko:K15745
map00906,R07519,ko:K09844
map00906,R07520,ko:K09845
map00906,R07521,ko:K09846
map00906,R07522,ko:K09844
map00906,R07523,ko:K09845
map00906,R07524,ko:K09846
map00906,R07525,ko:K09847
map00906,R07526,ko:K09847
map00906,R07527,ko:K09846
map00906,R07528,ko:K09844
map00906,R07529,ko:K09846
map00906,R07530,ko:K15746
map00906,R07530,ko:K15747
map00906,R07531,ko:K09837
map00906,R07532,ko:K09844
map00906,R07533,ko:K09846
map00906,R07534,ko:K09845
map00906,R07535,ko:K09846
map00906,R07536,ko:K09844
map00906,R07537,ko:K09847
map00906,R07538,ko:K09847
map00906,R07539,ko:K09844
map00906,R07541,ko:K09879
map00906,R07543,ko:K09844
map00906,R07544,ko:K14597
map00906,R07545,ko:K14598
map00906,R07546,ko:K14597
map00906,R07547,ko:K14598
map00906,R07554,ko:K02294
map00906,R07556,ko:K02294
map00906,R07557,ko:K09836
map00906,R07558,ko:K02294
map00906,R07558,ko:K15746
map00906,R07558,ko:K15747
map00906,R07558,ko:K22492
map00906,R07558,ko:K23037
map00906,R07559,ko:K02294
map00906,R07559,ko:K15746
map00906,R07559,ko:K15747
map00906,R07559,ko:K22492
map00906,R07559,ko:K23037
map00906,R07561,ko:K02294
map00906,R07561,ko:K15746
map00906,R07561,ko:K23037
map00906,R07562,ko:K15746
map00906,R07562,ko:K23037
map00906,R07563,ko:K09836
map00906,R07563,ko:K23037
map00906,R07564,ko:K09836
map00906,R07564,ko:K23037
map00906,R07565,ko:K09836
map00906,R07566,ko:K09836
map00906,R07567,ko:K09836
map00906,R07567,ko:K23037
map00906,R07568,ko:K15746
map00906,R07568,ko:K23037
map00906,R07569,ko:K15746
map00906,R07569,ko:K23037
map00906,R07570,ko:K15746
map00906,R07570,ko:K23037
map00906,R07571,ko:K09836
map00906,R07572,ko:K15746
map00906,R07572,ko:K23037
map00906,R07573,ko:K09836
map00906,R07574,ko:K14596
map00906,R07575,ko:K14595
map00906,R07653,ko:K10209
map00906,R07654,ko:K10210
map00906,R07655,ko:K10211
map00906,R07656,ko:K10212
map00906,R07840,ko:K06444
map00906,R07850,ko:K09837
map00906,R07851,ko:K15746
map00906,R07856,ko:K06443
map00906,R07857,ko:K09879
map00906,R07858,ko:K09879
map00906,R09653,ko:K02293
map00906,R09654,ko:K02293
map00906,R09655,ko:K15744
map00906,R09656,ko:K00514
map00906,R09658,ko:K00514
map00906,R09671,ko:K10210
map00906,R09692,ko:K10027
map00906,R09692,ko:K15745
map00906,R09723,ko:K15748
map00906,R09746,ko:K10209
map00906,R09782,ko:K17842
map00906,R09783,ko:K17819
map00906,R09793,ko:K10208
map00906,R10282,ko:K17911
map00906,R10508,ko:K17841
map00906,R10557,ko:K17912
map00906,R10558,ko:K17913
map00906,R12179,ko:K02292
map00906,R12180,ko:K02292
map00750,R00173,ko:K07758
map00750,R00173,ko:K13248
map00750,R00174,ko:K00868
map00750,R00277,ko:K00275
map00750,R00277,ko:K23998
map00750,R00278,ko:K00275
map00750,R00278,ko:K23998
map00750,R01649,ko:K18614
map00750,R01707,ko:K18609
map00750,R01708,ko:K05275
map00750,R01709,ko:K00157
map00750,R01710,ko:K00275
map00750,R01710,ko:K23998
map00750,R01711,ko:K00275
map00750,R01711,ko:K18607
map00750,R01711,ko:K23998
map00750,R01712,ko:K18608
map00750,R01825,ko:K03472
map00750,R01909,ko:K00868
map00750,R01911,ko:K07758
map00750,R01911,ko:K13248
map00750,R02493,ko:K00868
map00750,R02494,ko:K07758
map00750,R02494,ko:K13248
map00750,R02992,ko:K18610
map00750,R02993,ko:K18611
map00750,R03385,ko:K18071
map00750,R03386,ko:K18071
map00750,R03461,ko:K18613
map00750,R04210,ko:K03473
map00750,R04524,ko:K18612
map00750,R05085,ko:K00831
map00750,R05086,ko:K01733
map00750,R05681,ko:K00097
map00750,R05838,ko:K03474
map00750,R07406,ko:K00097
map00750,R07456,ko:K06215
map00750,R07456,ko:K08681
map00623,R01293,ko:K00141
map00623,R01294,ko:K20199
map00623,R01419,ko:K00141
map00623,R01763,ko:K00055
map00623,R02550,ko:K15757
map00623,R02550,ko:K15758
map00623,R02550,ko:K15760
map00623,R02550,ko:K15761
map00623,R02550,ko:K15762
map00623,R02550,ko:K15763
map00623,R02550,ko:K15764
map00623,R02550,ko:K15765
map00623,R02675,ko:K05797
map00623,R02675,ko:K20200
map00623,R03559,ko:K03268
map00623,R03559,ko:K16268
map00623,R03559,ko:K18089
map00623,R03559,ko:K18090
map00623,R03560,ko:K16242
map00623,R03560,ko:K16243
map00623,R03560,ko:K16244
map00623,R03560,ko:K16245
map00623,R03560,ko:K16246
map00623,R03560,ko:K16249
map00623,R03562,ko:K15760
map00623,R03562,ko:K15761
map00623,R03562,ko:K15762
map00623,R03562,ko:K15763
map00623,R03562,ko:K15764
map00623,R03562,ko:K15765
map00623,R03566,ko:K03380
map00623,R03608,ko:K16242
map00623,R03608,ko:K16243
map00623,R03608,ko:K16244
map00623,R03608,ko:K16245
map00623,R03608,ko:K16246
map00623,R03608,ko:K16249
map00623,R04088,ko:K16269
map00623,R05271,ko:K19629
map00623,R05272,ko:K19630
map00623,R05281,ko:K15768
map00623,R05281,ko:K15769
map00623,R05294,ko:K15766
map00623,R05294,ko:K15767
map00623,R05299,ko:K03381
map00623,R05300,ko:K01856
map00623,R05575,ko:K07547
map00623,R05575,ko:K07548
map00623,R05584,ko:K07545
map00623,R05587,ko:K07549
map00623,R05587,ko:K07550
map00623,R05588,ko:K07543
map00623,R05588,ko:K07544
map00623,R05598,ko:K07540
map00623,R05599,ko:K07546
map00623,R05666,ko:K15760
map00623,R05666,ko:K15761
map00623,R05666,ko:K15762
map00623,R05666,ko:K15763
map00623,R05666,ko:K15764
map00623,R05666,ko:K15765
map00623,R07667,ko:K00141
map00623,R09215,ko:K01860
map00623,R09217,ko:K01860
map00623,R09220,ko:K01061
map00623,R09221,ko:K01860
map00623,R09222,ko:K01061
map00623,R09223,ko:K00217
map00623,R09224,ko:K00217
map00623,R09229,ko:K01856
map00623,R11194,ko:K05797
map00623,R11194,ko:K20200
